CODEVALUE,ID,STATUS,PREFLABEL_FI,PREFLABEL_SV,PREFLABEL_EN,DEFINITION_FI,DEFINITION_SV,DEFINITION_EN,DESCRIPTION_FI,DESCRIPTION_SV,DESCRIPTION_EN,SHORTNAME,STARTDATE,ENDDATE
aa,,VALID,Afar,afar,,,,,,,,,,
ab,,VALID,Abkhazian,abhaasi,,,,,,,,,,
ace,,VALID,Achinese,atšeh,,,,,,,,,,
ach,,VALID,Acoli,atšoli,,,,,,,,,,
ada,,VALID,Adangme,adangme,,,,,,,,,,
ady,,VALID,Adyghe,adyge,,,,,,,,,,
ae,,VALID,Avestan,avesta,,,,,,,,,,
aeb,,VALID,Tunisian Arabic,tunisianarabia,,,,,,,,,,
af,,VALID,Afrikaans,afrikaans,,,,,,,,,,
afh,,VALID,Afrihili,afrihili,,,,,,,,,,
agq,,VALID,Aghem,aghem,,,,,,,,,,
ain,,VALID,Ainu,ainu,,,,,,,,,,
ak,,VALID,Akan,akan,,,,,,,,,,
akk,,VALID,Akkadian,akkadi,,,,,,,,,,
akz,,VALID,Alabama,alabama,,,,,,,,,,
ale,,VALID,Aleut,aleutti,,,,,,,,,,
alt,,VALID,Southern Altai,altai,,,,,,,,,,
am,,VALID,Amharic,amhara,,,,,,,,,,
an,,VALID,Aragonese,aragonia,,,,,,,,,,
ang,,VALID,Old English,muinaisenglanti,,,,,,,,,,
anp,,VALID,Angika,angika,,,,,,,,,,
ar,,VALID,Arabic,arabia,,,,,,,,,,
ar_001,,VALID,Modern Standard Arabic,yleisarabia,,,,,,,,,,
arc,,VALID,Aramaic,valtakunnanaramea,,,,,,,,,,
arn,,VALID,Mapuche,mapudungun,,,,,,,,,,
aro,,VALID,Araona,araona,,,,,,,,,,
arp,,VALID,Arapaho,arapaho,,,,,,,,,,
arq,,VALID,Algerian Arabic,algerianarabia,,,,,,,,,,
arw,,VALID,Arawak,arawak,,,,,,,,,,
ary,,VALID,Moroccan Arabic,marokonarabia,,,,,,,,,,
arz,,VALID,Egyptian Arabic,egyptinarabia,,,,,,,,,,
as,,VALID,Assamese,assami,,,,,,,,,,
asa,,VALID,Asu,asu,,,,,,,,,,
ase,,VALID,American Sign Language,amerikkalainen viittomakieli,,,,,,,,,,
ast,,VALID,Asturian,asturia,,,,,,,,,,
av,,VALID,Avaric,avaari,,,,,,,,,,
awa,,VALID,Awadhi,awadhi,,,,,,,,,,
avk,,VALID,Kotava,kotava,,,,,,,,,,
ay,,VALID,Aymara,aimara,,,,,,,,,,
az,,VALID,Azerbaijani,azeri,,,,,,,,,,
az-short,,VALID,Azeri,azeri,,,,,,,,,,
ba,,VALID,Bashkir,baškiiri,,,,,,,,,,
bal,,VALID,Baluchi,belutši,,,,,,,,,,
ban,,VALID,Balinese,bali,,,,,,,,,,
bar,,VALID,Bavarian,baijeri,,,,,,,,,,
bas,,VALID,Basaa,basaa,,,,,,,,,,
bax,,VALID,Bamun,bamum,,,,,,,,,,
bbc,,VALID,Batak Toba,batak-toba,,,,,,,,,,
bbj,,VALID,Ghomala,ghomala,,,,,,,,,,
be,,VALID,Belarusian,valkovenäjä,,,,,,,,,,
bej,,VALID,Beja,bedža,,,,,,,,,,
bem,,VALID,Bemba,bemba,,,,,,,,,,
bew,,VALID,Betawi,betawi,,,,,,,,,,
bez,,VALID,Bena,bena,,,,,,,,,,
bfd,,VALID,Bafut,fut,,,,,,,,,,
bfq,,VALID,Badaga,badaga,,,,,,,,,,
bg,,VALID,Bulgarian,bulgaria,,,,,,,,,,
bgn,,VALID,Western Balochi,länsibelutši,,,,,,,,,,
bho,,VALID,Bhojpuri,bhodžpuri,,,,,,,,,,
bi,,VALID,Bislama,bislama,,,,,,,,,,
bik,,VALID,Bikol,bikol,,,,,,,,,,
bin,,VALID,Bini,bini,,,,,,,,,,
bjn,,VALID,Banjar,banjar,,,,,,,,,,
bkm,,VALID,Kom,kom,,,,,,,,,,
bla,,VALID,Siksika,siksika,,,,,,,,,,
bm,,VALID,Bambara,bambara,,,,,,,,,,
bn,,VALID,Bangla,bengali,,,,,,,,,,
bo,,VALID,Tibetan,tiibet,,,,,,,,,,
bpy,,VALID,Bishnupriya,bišnupria,,,,,,,,,,
bqi,,VALID,Bakhtiari,bahtiari,,,,,,,,,,
br,,VALID,Breton,bretoni,,,,,,,,,,
bra,,VALID,Braj,bradž,,,,,,,,,,
brh,,VALID,Brahui,brahui,,,,,,,,,,
brx,,VALID,Bodo,bodo,,,,,,,,,,
bs,,VALID,Bosnian,bosnia,,,,,,,,,,
bss,,VALID,Akoose,koose,,,,,,,,,,
bua,,VALID,Buriat,burjaatti,,,,,,,,,,
bug,,VALID,Buginese,bugi,,,,,,,,,,
bum,,VALID,Bulu,bulu,,,,,,,,,,
byn,,VALID,Blin,bilin,,,,,,,,,,
byv,,VALID,Medumba,medumba,,,,,,,,,,
ca,,VALID,Catalan,katalaani,,,,,,,,,,
cad,,VALID,Caddo,caddo,,,,,,,,,,
car,,VALID,Carib,karibi,,,,,,,,,,
cay,,VALID,Cayuga,cayuga,,,,,,,,,,
cch,,VALID,Atsam,atsam,,,,,,,,,,
ce,,VALID,Chechen,tšetšeeni,,,,,,,,,,
ceb,,VALID,Cebuano,cebuano,,,,,,,,,,
cgg,,VALID,Chiga,kiga,,,,,,,,,,
ch,,VALID,Chamorro,tšamorro,,,,,,,,,,
chb,,VALID,Chibcha,tšibtša,,,,,,,,,,
chg,,VALID,Chagatai,tšagatai,,,,,,,,,,
chk,,VALID,Chuukese,chuuk,,,,,,,,,,
chm,,VALID,Mari,mari,,,,,,,,,,
chn,,VALID,Chinook Jargon,chinook-jargon,,,,,,,,,,
cho,,VALID,Choctaw,choctaw,,,,,,,,,,
chp,,VALID,Chipewyan,chipewyan,,,,,,,,,,
chr,,VALID,Cherokee,cherokee,,,,,,,,,,
chy,,VALID,Cheyenne,cheyenne,,,,,,,,,,
ckb,,VALID,Central Kurdish,sorani,,,,,,,,,,
co,,VALID,Corsican,korsika,,,,,,,,,,
cop,,VALID,Coptic,kopti,,,,,,,,,,
cps,,VALID,Capiznon,capiznon,,,,,,,,,,
cr,,VALID,Cree,cree,,,,,,,,,,
crh,,VALID,Crimean Turkish,krimintataari,,,,,,,,,,
crh-secondary,,VALID,Crimean Turkish,kriminturkki,,,,,,,,,,
cs,,VALID,Czech,tšekki,,,,,,,,,,
csb,,VALID,Kashubian,kašubi,,,,,,,,,,
cu,,VALID,Church Slavic,kirkkoslaavi,,,,,,,,,,
cv,,VALID,Chuvash,tšuvassi,,,,,,,,,,
cy,,VALID,Welsh,kymri,,,,,,,,,,
da,,VALID,Danish,tanska,,,,,,,,,,
dak,,VALID,Dakota,dakota,,,,,,,,,,
dar,,VALID,Dargwa,dargi,,,,,,,,,,
dav,,VALID,Taita,taita,,,,,,,,,,
de,,VALID,German,saksa,,,,,,,,,,
de_AT,,VALID,Austrian German,itävallansaksa,,,,,,,,,,
de_CH,,VALID,Swiss High German,sveitsinyläsaksa,,,,,,,,,,
del,,VALID,Delaware,delaware,,,,,,,,,,
den,,VALID,Slave,slevi,,,,,,,,,,
dgr,,VALID,Dogrib,dogrib,,,,,,,,,,
din,,VALID,Dinka,dinka,,,,,,,,,,
dje,,VALID,Zarma,djerma,,,,,,,,,,
doi,,VALID,Dogri,dogri,,,,,,,,,,
dsb,,VALID,Lower Sorbian,alasorbi,,,,,,,,,,
dtp,,VALID,Central Dusun,dusun,,,,,,,,,,
dua,,VALID,Duala,duala,,,,,,,,,,
dum,,VALID,Middle Dutch,keskihollanti,,,,,,,,,,
dv,,VALID,Divehi,divehi,,,,,,,,,,
dyo,,VALID,Jola-Fonyi,jola-fonyi,,,,,,,,,,
dyu,,VALID,Dyula,djula,,,,,,,,,,
dz,,VALID,Dzongkha,dzongkha,,,,,,,,,,
dzg,,VALID,Dazaga,dazaga,,,,,,,,,,
ebu,,VALID,Embu,embu,,,,,,,,,,
ee,,VALID,Ewe,ewe,,,,,,,,,,
efi,,VALID,Efik,efik,,,,,,,,,,
egl,,VALID,Emilian,emilia,,,,,,,,,,
egy,,VALID,Ancient Egyptian,muinaisegypti,,,,,,,,,,
eka,,VALID,Ekajuk,ekajuk,,,,,,,,,,
el,,VALID,Greek,kreikka,,,,,,,,,,
elx,,VALID,Elamite,elami,,,,,,,,,,
en,,VALID,English,englanti,,,,,,,,,,
en_AU,,VALID,Australian English,australianenglanti,,,,,,,,,,
en_CA,,VALID,Canadian English,kanadanenglanti,,,,,,,,,,
en_GB,,VALID,British English,britannianenglanti,,,,,,,,,,
en_GB-short,,VALID,UK English,englanti (Britannia),,,,,,,,,,
en_US,,VALID,American English,amerikanenglanti,,,,,,,,,,
en_US-short,,VALID,US English,englanti (USA),,,,,,,,,,
enm,,VALID,Middle English,keskienglanti,,,,,,,,,,
eo,,VALID,Esperanto,esperanto,,,,,,,,,,
es,,VALID,Spanish,espanja,,,,,,,,,,
es_419,,VALID,Latin American Spanish,amerikanespanja,,,,,,,,,,
es_ES,,VALID,European Spanish,euroopanespanja,,,,,,,,,,
es_MX,,VALID,Mexican Spanish,meksikonespanja,,,,,,,,,,
esu,,VALID,Central Yupik,alaskanjupik,,,,,,,,,,
et,,VALID,Estonian,viro,,,,,,,,,,
eu,,VALID,Basque,baski,,,,,,,,,,
ewo,,VALID,Ewondo,ewondo,,,,,,,,,,
ext,,VALID,Extremaduran,extremadura,,,,,,,,,,
fa,,VALID,Persian,farsi,,,,,,,,,,
fan,,VALID,Fang,fang,,,,,,,,,,
fa-secondary,,VALID,Persian,persia,,,,,,,,,,
fat,,VALID,Fanti,fanti,,,,,,,,,,
ff,,VALID,Fulah,fulani,,,,,,,,,,
fi,,VALID,Finnish,suomi,,,,,,,,,,
fil,,VALID,Filipino,filipino,,,,,,,,,,
fit,,VALID,Tornedalen Finnish,meänkieli,,,,,,,,,,
fj,,VALID,Fijian,fidži,,,,,,,,,,
fo,,VALID,Faroese,fääri,,,,,,,,,,
fon,,VALID,Fon,fon,,,,,,,,,,
fr,,VALID,French,ranska,,,,,,,,,,
fr_CA,,VALID,Canadian French,kanadanranska,,,,,,,,,,
fr_CH,,VALID,Swiss French,sveitsinranska,,,,,,,,,,
frc,,VALID,Cajun French,cajun,,,,,,,,,,
frm,,VALID,Middle French,keskiranska,,,,,,,,,,
fro,,VALID,Old French,muinaisranska,,,,,,,,,,
frp,,VALID,Arpitan,arpitaani,,,,,,,,,,
frr,,VALID,Northern Frisian,pohjoisfriisi,,,,,,,,,,
frs,,VALID,Eastern Frisian,itäfriisi,,,,,,,,,,
fur,,VALID,Friulian,friuli,,,,,,,,,,
fy,,VALID,Western Frisian,länsifriisi,,,,,,,,,,
ga,,VALID,Irish,iiri,,,,,,,,,,
gaa,,VALID,Ga,ga,,,,,,,,,,
gag,,VALID,Gagauz,gagauzi,,,,,,,,,,
gan,,VALID,Gan Chinese,gan-kiina,,,,,,,,,,
gay,,VALID,Gayo,gajo,,,,,,,,,,
gba,,VALID,Gbaya,gbaja,,,,,,,,,,
gbz,,VALID,Zoroastrian Dari,zoroastrialaisdari,,,,,,,,,,
gd,,VALID,Scottish Gaelic,gaeli,,,,,,,,,,
gez,,VALID,Geez,ge’ez,,,,,,,,,,
gil,,VALID,Gilbertese,kiribati,,,,,,,,,,
gl,,VALID,Galician,galicia,,,,,,,,,,
glk,,VALID,Gilaki,gilaki,,,,,,,,,,
gmh,,VALID,Middle High German,keskiyläsaksa,,,,,,,,,,
gn,,VALID,Guarani,guarani,,,,,,,,,,
goh,,VALID,Old High German,muinaisyläsaksa,,,,,,,,,,
gom,,VALID,Goan Konkani,goankonkani,,,,,,,,,,
gon,,VALID,Gondi,gondi,,,,,,,,,,
gor,,VALID,Gorontalo,gorontalo,,,,,,,,,,
got,,VALID,Gothic,gootti,,,,,,,,,,
grb,,VALID,Grebo,grebo,,,,,,,,,,
grc,,VALID,Ancient Greek,muinaiskreikka,,,,,,,,,,
gsw,,VALID,Swiss German,sveitsinsaksa,,,,,,,,,,
gu,,VALID,Gujarati,gudžarati,,,,,,,,,,
guc,,VALID,Wayuu,wayuu,,,,,,,,,,
gur,,VALID,Frafra,frafra,,,,,,,,,,
guz,,VALID,Gusii,gusii,,,,,,,,,,
gv,,VALID,Manx,manksi,,,,,,,,,,
gwi,,VALID,Gwichʼin,gwitšin,,,,,,,,,,
ha,,VALID,Hausa,hausa,,,,,,,,,,
hai,,VALID,Haida,haida,,,,,,,,,,
hak,,VALID,Hakka Chinese,hakka-kiina,,,,,,,,,,
haw,,VALID,Hawaiian,havaiji,,,,,,,,,,
he,,VALID,Hebrew,heprea,,,,,,,,,,
hi,,VALID,Hindi,hindi,,,,,,,,,,
hif,,VALID,Fiji Hindi,fidžinhindi,,,,,,,,,,
hil,,VALID,Hiligaynon,hiligaino,,,,,,,,,,
hit,,VALID,Hittite,heetti,,,,,,,,,,
hmn,,VALID,Hmong,hmong,,,,,,,,,,
ho,,VALID,Hiri Motu,hiri-motu,,,,,,,,,,
hr,,VALID,Croatian,kroatia,,,,,,,,,,
hsb,,VALID,Upper Sorbian,yläsorbi,,,,,,,,,,
hsn,,VALID,Xiang Chinese,xiang-kiina,,,,,,,,,,
ht,,VALID,Haitian Creole,haiti,,,,,,,,,,
hu,,VALID,Hungarian,unkari,,,,,,,,,,
hup,,VALID,Hupa,hupa,,,,,,,,,,
hy,,VALID,Armenian,armenia,,,,,,,,,,
hz,,VALID,Herero,herero,,,,,,,,,,
ia,,VALID,Interlingua,interlingua,,,,,,,,,,
iba,,VALID,Iban,iban,,,,,,,,,,
ibb,,VALID,Ibibio,ibibio,,,,,,,,,,
id,,VALID,Indonesian,indonesia,,,,,,,,,,
ie,,VALID,Interlingue,interlingue,,,,,,,,,,
ig,,VALID,Igbo,igbo,,,,,,,,,,
ii,,VALID,Sichuan Yi,sichuanin-yi,,,,,,,,,,
ik,,VALID,Inupiaq,inupiaq,,,,,,,,,,
ilo,,VALID,Iloko,iloko,,,,,,,,,,
inh,,VALID,Ingush,inguuši,,,,,,,,,,
io,,VALID,Ido,ido,,,,,,,,,,
is,,VALID,Icelandic,islanti,,,,,,,,,,
it,,VALID,Italian,italia,,,,,,,,,,
iu,,VALID,Inuktitut,inuktitut,,,,,,,,,,
izh,,VALID,Ingrian,inkeroinen,,,,,,,,,,
ja,,VALID,Japanese,japani,,,,,,,,,,
jam,,VALID,Jamaican Creole English,jamaikankreolienglanti,,,,,,,,,,
jbo,,VALID,Lojban,lojban,,,,,,,,,,
jgo,,VALID,Ngomba,ngomba,,,,,,,,,,
jmc,,VALID,Machame,machame,,,,,,,,,,
jpr,,VALID,Judeo-Persian,juutalaispersia,,,,,,,,,,
jrb,,VALID,Judeo-Arabic,juutalaisarabia,,,,,,,,,,
jut,,VALID,Jutish,juutti,,,,,,,,,,
jv,,VALID,Javanese,jaava,,,,,,,,,,
ka,,VALID,Georgian,georgia,,,,,,,,,,
kaa,,VALID,Kara-Kalpak,karakalpakki,,,,,,,,,,
kab,,VALID,Kabyle,kabyyli,,,,,,,,,,
kac,,VALID,Kachin,katšin,,,,,,,,,,
kaj,,VALID,Jju,jju,,,,,,,,,,
kam,,VALID,Kamba,kamba,,,,,,,,,,
kaw,,VALID,Kawi,kavi,,,,,,,,,,
kbd,,VALID,Kabardian,kabardi,,,,,,,,,,
kbl,,VALID,Kanembu,kanembu,,,,,,,,,,
kcg,,VALID,Tyap,tyap,,,,,,,,,,
kde,,VALID,Makonde,makonde,,,,,,,,,,
kea,,VALID,Kabuverdianu,kapverdenkreoli,,,,,,,,,,
ken,,VALID,Kenyang,kenyang,,,,,,,,,,
kfo,,VALID,Koro,norsunluurannikonkoro,,,,,,,,,,
kg,,VALID,Kongo,kongo,,,,,,,,,,
kgp,,VALID,Kaingang,kaingang,,,,,,,,,,
kha,,VALID,Khasi,khasi,,,,,,,,,,
kho,,VALID,Khotanese,khotani,,,,,,,,,,
khq,,VALID,Koyra Chiini,koyra chiini,,,,,,,,,,
khw,,VALID,Khowar,khowar,,,,,,,,,,
ki,,VALID,Kikuyu,kikuju,,,,,,,,,,
kiu,,VALID,Kirmanjki,kirmanjki,,,,,,,,,,
kj,,VALID,Kuanyama,kuanjama,,,,,,,,,,
kk,,VALID,Kazakh,kazakki,,,,,,,,,,
kkj,,VALID,Kako,kako,,,,,,,,,,
kl,,VALID,Kalaallisut,kalaallisut,,,,,,,,,,
kln,,VALID,Kalenjin,kalenjin,,,,,,,,,,
kl-secondary,,VALID,Kalaallisut,grönlanti,,,,,,,,,,
km,,VALID,Khmer,khmer,,,,,,,,,,
kmb,,VALID,Kimbundu,kimbundu,,,,,,,,,,
kn,,VALID,Kannada,kannada,,,,,,,,,,
ko,,VALID,Korean,korea,,,,,,,,,,
koi,,VALID,Komi-Permyak,komipermjakki,,,,,,,,,,
kok,,VALID,Konkani,konkani,,,,,,,,,,
kos,,VALID,Kosraean,kosrae,,,,,,,,,,
kpe,,VALID,Kpelle,kpelle,,,,,,,,,,
kr,,VALID,Kanuri,kanuri,,,,,,,,,,
krc,,VALID,Karachay-Balkar,karatšai-balkaari,,,,,,,,,,
kri,,VALID,Krio,krio,,,,,,,,,,
krj,,VALID,Kinaray-a,kinaray-a,,,,,,,,,,
krl,,VALID,Karelian,karjala,,,,,,,,,,
kru,,VALID,Kurukh,kurukh,,,,,,,,,,
ks,,VALID,Kashmiri,kašmiri,,,,,,,,,,
ksb,,VALID,Shambala,shambala,,,,,,,,,,
ksf,,VALID,Bafia,bafia,,,,,,,,,,
ksh,,VALID,Colognian,kölsch,,,,,,,,,,
ku,,VALID,Kurdish,kurdi,,,,,,,,,,
kum,,VALID,Kumyk,kumykki,,,,,,,,,,
kut,,VALID,Kutenai,kutenai,,,,,,,,,,
kv,,VALID,Komi,komi,,,,,,,,,,
kw,,VALID,Cornish,korni,,,,,,,,,,
ky,,VALID,Kyrgyz,kirgiisi,,,,,,,,,,
la,,VALID,Latin,latina,,,,,,,,,,
lad,,VALID,Ladino,ladino,,,,,,,,,,
lad-secondary,,VALID,Ladino,juutalaisespanja,,,,,,,,,,
lag,,VALID,Langi,lango,,,,,,,,,,
lah,,VALID,Lahnda,lahnda,,,,,,,,,,
lam,,VALID,Lamba,lamba,,,,,,,,,,
lb,,VALID,Luxembourgish,luxemburg,,,,,,,,,,
lez,,VALID,Lezghian,lezgi,,,,,,,,,,
lfn,,VALID,Lingua Franca Nova,lingua franca nova,,,,,,,,,,
lg,,VALID,Ganda,ganda,,,,,,,,,,
li,,VALID,Limburgish,limburg,,,,,,,,,,
lij,,VALID,Ligurian,liguuri,,,,,,,,,,
liv,,VALID,Livonian,liivi,,,,,,,,,,
lkt,,VALID,Lakota,lakota,,,,,,,,,,
lmo,,VALID,Lombard,lombardi,,,,,,,,,,
ln,,VALID,Lingala,lingala,,,,,,,,,,
lo,,VALID,Lao,lao,,,,,,,,,,
lol,,VALID,Mongo,mongo,,,,,,,,,,
loz,,VALID,Lozi,lozi,,,,,,,,,,
lrc,,VALID,Northern Luri,pohjoisluri,,,,,,,,,,
lt,,VALID,Lithuanian,liettua,,,,,,,,,,
ltg,,VALID,Latgalian,latgalli,,,,,,,,,,
lu,,VALID,Luba-Katanga,katanganluba,,,,,,,,,,
lua,,VALID,Luba-Lulua,luluanluba,,,,,,,,,,
lui,,VALID,Luiseno,luiseño,,,,,,,,,,
lun,,VALID,Lunda,lunda,,,,,,,,,,
luo,,VALID,Luo,luo,,,,,,,,,,
lus,,VALID,Mizo,lusai,,,,,,,,,,
luy,,VALID,Luyia,luhya,,,,,,,,,,
lv,,VALID,Latvian,latvia,,,,,,,,,,
lzh,,VALID,Literary Chinese,klassinen kiina,,,,,,,,,,
lzz,,VALID,Laz,lazi,,,,,,,,,,
mad,,VALID,Madurese,madura,,,,,,,,,,
maf,,VALID,Mafa,mafa,,,,,,,,,,
mag,,VALID,Magahi,magahi,,,,,,,,,,
mai,,VALID,Maithili,maithili,,,,,,,,,,
mak,,VALID,Makasar,makassar,,,,,,,,,,
man,,VALID,Mandingo,mandingo,,,,,,,,,,
mas,,VALID,Masai,maasai,,,,,,,,,,
mde,,VALID,Maba,maba,,,,,,,,,,
mdf,,VALID,Moksha,mokša,,,,,,,,,,
mdr,,VALID,Mandar,mandar,,,,,,,,,,
men,,VALID,Mende,mende,,,,,,,,,,
mer,,VALID,Meru,meru,,,,,,,,,,
mfe,,VALID,Morisyen,morisyen,,,,,,,,,,
mg,,VALID,Malagasy,malagassi,,,,,,,,,,
mga,,VALID,Middle Irish,keski-iiri,,,,,,,,,,
mgh,,VALID,Makhuwa-Meetto,makua-meetto,,,,,,,,,,
mgo,,VALID,Metaʼ,meta’,,,,,,,,,,
mh,,VALID,Marshallese,marshall,,,,,,,,,,
mi,,VALID,Maori,maori,,,,,,,,,,
mic,,VALID,Mi’kmaq,micmac,,,,,,,,,,
min,,VALID,Minangkabau,minangkabau,,,,,,,,,,
mk,,VALID,Macedonian,makedonia,,,,,,,,,,
ml,,VALID,Malayalam,malajalam,,,,,,,,,,
mn,,VALID,Mongolian,mongoli,,,,,,,,,,
mnc,,VALID,Manchu,mantšu,,,,,,,,,,
mni,,VALID,Manipuri,manipuri,,,,,,,,,,
moh,,VALID,Mohawk,mohawk,,,,,,,,,,
mos,,VALID,Mossi,mossi,,,,,,,,,,
mr,,VALID,Marathi,marathi,,,,,,,,,,
mrj,,VALID,Western Mari,vuorimari,,,,,,,,,,
ms,,VALID,Malay,malaiji,,,,,,,,,,
mt,,VALID,Maltese,malta,,,,,,,,,,
mua,,VALID,Mundang,mundang,,,,,,,,,,
mus,,VALID,Creek,creek,,,,,,,,,,
mwl,,VALID,Mirandese,mirandeesi,,,,,,,,,,
mwr,,VALID,Marwari,marwari,,,,,,,,,,
mwv,,VALID,Mentawai,mentawai,,,,,,,,,,
my,,VALID,Burmese,burma,,,,,,,,,,
mye,,VALID,Myene,myene,,,,,,,,,,
myv,,VALID,Erzya,ersä,,,,,,,,,,
mzn,,VALID,Mazanderani,mazandarani,,,,,,,,,,
na,,VALID,Nauru,nauru,,,,,,,,,,
nan,,VALID,Min Nan Chinese,min nan -kiina,,,,,,,,,,
nap,,VALID,Neapolitan,napoli,,,,,,,,,,
naq,,VALID,Nama,nama,,,,,,,,,,
nb,,VALID,Norwegian Bokmål,norjan bokmål,,,,,,,,,,
nd,,VALID,North Ndebele,pohjois-ndebele,,,,,,,,,,
nds,,VALID,Low German,alasaksa,,,,,,,,,,
nds_NL,,VALID,Low Saxon,alankomaidenalasaksa,,,,,,,,,,
ne,,VALID,Nepali,nepali,,,,,,,,,,
new,,VALID,Newari,newari,,,,,,,,,,
ng,,VALID,Ndonga,ndonga,,,,,,,,,,
nia,,VALID,Nias,nias,,,,,,,,,,
niu,,VALID,Niuean,niue,,,,,,,,,,
njo,,VALID,Ao Naga,ao naga,,,,,,,,,,
nl,,VALID,Dutch,hollanti,,,,,,,,,,
nl_BE,,VALID,Flemish,flaami,,,,,,,,,,
nmg,,VALID,Kwasio,kwasio,,,,,,,,,,
nn,,VALID,Norwegian Nynorsk,norjan nynorsk,,,,,,,,,,
nnh,,VALID,Ngiemboon,ngiemboon,,,,,,,,,,
no,,VALID,Norwegian,norja,,,,,,,,,,
nog,,VALID,Nogai,nogai,,,,,,,,,,
non,,VALID,Old Norse,muinaisnorja,,,,,,,,,,
nov,,VALID,Novial,novial,,,,,,,,,,
nqo,,VALID,N’Ko,n’ko,,,,,,,,,,
nr,,VALID,South Ndebele,etelä-ndebele,,,,,,,,,,
nso,,VALID,Northern Sotho,pohjoissotho,,,,,,,,,,
nus,,VALID,Nuer,nuer,,,,,,,,,,
nv,,VALID,Navajo,navajo,,,,,,,,,,
nwc,,VALID,Classical Newari,klassinen newari,,,,,,,,,,
ny,,VALID,Nyanja,njandža,,,,,,,,,,
nym,,VALID,Nyamwezi,nyamwezi,,,,,,,,,,
nyn,,VALID,Nyankole,nyankole,,,,,,,,,,
nyo,,VALID,Nyoro,nyoro,,,,,,,,,,
nzi,,VALID,Nzima,nzima,,,,,,,,,,
oc,,VALID,Occitan,oksitaani,,,,,,,,,,
oj,,VALID,Ojibwa,odžibwa,,,,,,,,,,
om,,VALID,Oromo,oromo,,,,,,,,,,
or,,VALID,Odia,orija,,,,,,,,,,
os,,VALID,Ossetic,osseetti,,,,,,,,,,
osa,,VALID,Osage,osage,,,,,,,,,,
ota,,VALID,Ottoman Turkish,osmani,,,,,,,,,,
pa,,VALID,Punjabi,pandžabi,,,,,,,,,,
pag,,VALID,Pangasinan,pangasinan,,,,,,,,,,
pal,,VALID,Pahlavi,pahlavi,,,,,,,,,,
pam,,VALID,Pampanga,pampanga,,,,,,,,,,
pap,,VALID,Papiamento,papiamentu,,,,,,,,,,
pau,,VALID,Palauan,palau,,,,,,,,,,
pcd,,VALID,Picard,picardi,,,,,,,,,,
pdc,,VALID,Pennsylvania German,pennsylvaniansaksa,,,,,,,,,,
pdt,,VALID,Plautdietsch,plautdietsch,,,,,,,,,,
peo,,VALID,Old Persian,muinaispersia,,,,,,,,,,
pfl,,VALID,Palatine German,pfaltsi,,,,,,,,,,
phn,,VALID,Phoenician,foinikia,,,,,,,,,,
pi,,VALID,Pali,paali,,,,,,,,,,
pl,,VALID,Polish,puola,,,,,,,,,,
pms,,VALID,Piedmontese,piemonte,,,,,,,,,,
pnt,,VALID,Pontic,pontoksenkreikka,,,,,,,,,,
pon,,VALID,Pohnpeian,pohnpei,,,,,,,,,,
prg,,VALID,Prussian,muinaispreussi,,,,,,,,,,
pro,,VALID,Old Provençal,muinaisprovensaali,,,,,,,,,,
ps,,VALID,Pashto,paštu,,,,,,,,,,
pt,,VALID,Portuguese,portugali,,,,,,,,,,
pt_BR,,VALID,Brazilian Portuguese,brasilianportugali,,,,,,,,,,
pt_PT,,VALID,European Portuguese,euroopanportugali,,,,,,,,,,
qu,,VALID,Quechua,ketšua,,,,,,,,,,
quc,,VALID,Kʼicheʼ,kʼicheʼ,,,,,,,,,,
qug,,VALID,Chimborazo Highland Quichua,chimborazonylänköketšua,,,,,,,,,,
raj,,VALID,Rajasthani,radžastani,,,,,,,,,,
rap,,VALID,Rapanui,rapanui,,,,,,,,,,
rar,,VALID,Rarotongan,rarotonga,,,,,,,,,,
rgn,,VALID,Romagnol,romagnoli,,,,,,,,,,
rif,,VALID,Riffian,tarifit,,,,,,,,,,
rm,,VALID,Romansh,retoromaani,,,,,,,,,,
rn,,VALID,Rundi,rundi,,,,,,,,,,
ro,,VALID,Romanian,romania,,,,,,,,,,
ro_MD,,VALID,Moldavian,moldova,,,,,,,,,,
rof,,VALID,Rombo,rombo,,,,,,,,,,
rom,,VALID,Romany,romani,,,,,,,,,,
root,,VALID,Root,juuri,,,,,,,,,,
rtm,,VALID,Rotuman,rotuma,,,,,,,,,,
ru,,VALID,Russian,venäjä,,,,,,,,,,
rue,,VALID,Rusyn,ruteeni,,,,,,,,,,
rug,,VALID,Roviana,roviana,,,,,,,,,,
rup,,VALID,Aromanian,aromania,,,,,,,,,,
rw,,VALID,Kinyarwanda,ruanda,,,,,,,,,,
rwk,,VALID,Rwa,rwa,,,,,,,,,,
sa,,VALID,Sanskrit,sanskrit,,,,,,,,,,
sad,,VALID,Sandawe,sandawe,,,,,,,,,,
sah,,VALID,Sakha,jakuutti,,,,,,,,,,
sam,,VALID,Samaritan Aramaic,samarianaramea,,,,,,,,,,
saq,,VALID,Samburu,samburu,,,,,,,,,,
sas,,VALID,Sasak,sasak,,,,,,,,,,
sat,,VALID,Santali,santali,,,,,,,,,,
saz,,VALID,Saurashtra,sauraštri,,,,,,,,,,
sba,,VALID,Ngambay,ngambay,,,,,,,,,,
sbp,,VALID,Sangu,sangu,,,,,,,,,,
sc,,VALID,Sardinian,sardi,,,,,,,,,,
scn,,VALID,Sicilian,sisilia,,,,,,,,,,
sco,,VALID,Scots,skotti,,,,,,,,,,
sd,,VALID,Sindhi,sindhi,,,,,,,,,,
sdc,,VALID,Sassarese Sardinian,sassarinsardi,,,,,,,,,,
sdh,,VALID,Southern Kurdish,eteläkurdi,,,,,,,,,,
se,,VALID,Northern Sami,pohjoissaame,,,,,,,,,,
see,,VALID,Seneca,seneca,,,,,,,,,,
seh,,VALID,Sena,sena,,,,,,,,,,
sei,,VALID,Seri,seri,,,,,,,,,,
sel,,VALID,Selkup,selkuppi,,,,,,,,,,
ses,,VALID,Koyraboro Senni,koyraboro senni,,,,,,,,,,
sg,,VALID,Sango,sango,,,,,,,,,,
sga,,VALID,Old Irish,muinaisiiri,,,,,,,,,,
sgs,,VALID,Samogitian,samogiitti,,,,,,,,,,
sh,,VALID,Serbo-Croatian,serbokroaatti,,,,,,,,,,
shi,,VALID,Tachelhit,tašelhit,,,,,,,,,,
shn,,VALID,Shan,shan,,,,,,,,,,
shu,,VALID,Chadian Arabic,tšadinarabia,,,,,,,,,,
si,,VALID,Sinhala,sinhala,,,,,,,,,,
sid,,VALID,Sidamo,sidamo,,,,,,,,,,
sk,,VALID,Slovak,slovakki,,,,,,,,,,
sl,,VALID,Slovenian,sloveeni,,,,,,,,,,
sli,,VALID,Lower Silesian,sleesiansaksa,,,,,,,,,,
sly,,VALID,Selayar,selayar,,,,,,,,,,
sm,,VALID,Samoan,samoa,,,,,,,,,,
sma,,VALID,Southern Sami,eteläsaame,,,,,,,,,,
smj,,VALID,Lule Sami,luulajansaame,,,,,,,,,,
smn,,VALID,Inari Sami,inarinsaame,,,,,,,,,,
sms,,VALID,Skolt Sami,koltansaame,,,,,,,,,,
sn,,VALID,Shona,šona,,,,,,,,,,
snk,,VALID,Soninke,soninke,,,,,,,,,,
so,,VALID,Somali,somali,,,,,,,,,,
sog,,VALID,Sogdien,sogdi,,,,,,,,,,
sq,,VALID,Albanian,albania,,,,,,,,,,
sr,,VALID,Serbian,serbia,,,,,,,,,,
srn,,VALID,Sranan Tongo,sranan,,,,,,,,,,
srr,,VALID,Serer,serer,,,,,,,,,,
ss,,VALID,Swati,swazi,,,,,,,,,,
ssy,,VALID,Saho,saho,,,,,,,,,,
st,,VALID,Southern Sotho,eteläsotho,,,,,,,,,,
stq,,VALID,Saterland Frisian,saterlandinfriisi,,,,,,,,,,
su,,VALID,Sundanese,sunda,,,,,,,,,,
suk,,VALID,Sukuma,sukuma,,,,,,,,,,
sus,,VALID,Susu,susu,,,,,,,,,,
sux,,VALID,Sumerian,sumeri,,,,,,,,,,
sv,,VALID,Swedish,ruotsi,,,,,,,,,,
sw,,VALID,Swahili,swahili,,,,,,,,,,
sw_CD,,VALID,Congo Swahili,kingwana,,,,,,,,,,
swb,,VALID,Comorian,komori,,,,,,,,,,
syc,,VALID,Classical Syriac,muinaissyyria,,,,,,,,,,
syr,,VALID,Syriac,syyria,,,,,,,,,,
szl,,VALID,Silesian,sleesia,,,,,,,,,,
ta,,VALID,Tamil,tamili,,,,,,,,,,
tcy,,VALID,Tulu,tulu,,,,,,,,,,
te,,VALID,Telugu,telugu,,,,,,,,,,
tem,,VALID,Timne,temne,,,,,,,,,,
teo,,VALID,Teso,teso,,,,,,,,,,
ter,,VALID,Tereno,tereno,,,,,,,,,,
tet,,VALID,Tetum,tetum,,,,,,,,,,
tg,,VALID,Tajik,tadžikki,,,,,,,,,,
th,,VALID,Thai,thai,,,,,,,,,,
ti,,VALID,Tigrinya,tigrinja,,,,,,,,,,
tig,,VALID,Tigre,tigre,,,,,,,,,,
tiv,,VALID,Tiv,tiv,,,,,,,,,,
tk,,VALID,Turkmen,turkmeeni,,,,,,,,,,
tkl,,VALID,Tokelau,tokelau,,,,,,,,,,
tkr,,VALID,Tsakhur,tsahuri,,,,,,,,,,
tl,,VALID,Tagalog,tagalog,,,,,,,,,,
tlh,,VALID,Klingon,klingon,,,,,,,,,,
tli,,VALID,Tlingit,tlingit,,,,,,,,,,
tly,,VALID,Talysh,tališi,,,,,,,,,,
tmh,,VALID,Tamashek,tamašek,,,,,,,,,,
tn,,VALID,Tswana,tswana,,,,,,,,,,
to,,VALID,Tongan,tonga,,,,,,,,,,
tog,,VALID,Nyasa Tonga,malawintonga,,,,,,,,,,
tpi,,VALID,Tok Pisin,tok-pisin,,,,,,,,,,
tr,,VALID,Turkish,turkki,,,,,,,,,,
tru,,VALID,Turoyo,turojo,,,,,,,,,,
trv,,VALID,Taroko,taroko,,,,,,,,,,
ts,,VALID,Tsonga,tsonga,,,,,,,,,,
tsd,,VALID,Tsakonian,tsakonia,,,,,,,,,,
tsi,,VALID,Tsimshian,tsimši,,,,,,,,,,
tt,,VALID,Tatar,tataari,,,,,,,,,,
ttt,,VALID,Muslim Tat,tati,,,,,,,,,,
tum,,VALID,Tumbuka,tumbuka,,,,,,,,,,
tw,,VALID,Twi,twi,,,,,,,,,,
tvl,,VALID,Tuvalu,tuvalu,,,,,,,,,,
twq,,VALID,Tasawaq,tasawaq,,,,,,,,,,
ty,,VALID,Tahitian,tahiti,,,,,,,,,,
tyv,,VALID,Tuvinian,tuva,,,,,,,,,,
tzm,,VALID,Central Atlas Tamazight,keskiatlaksentamazight,,,,,,,,,,
udm,,VALID,Udmurt,udmurtti,,,,,,,,,,
ug,,VALID,Uyghur,uiguuri,,,,,,,,,,
uga,,VALID,Ugaritic,ugarit,,,,,,,,,,
uk,,VALID,Ukrainian,ukraina,,,,,,,,,,
umb,,VALID,Umbundu,mbundu,,,,,,,,,,
ur,,VALID,Urdu,urdu,,,,,,,,,,
uz,,VALID,Uzbek,uzbekki,,,,,,,,,,
wa,,VALID,Walloon,valloni,,,,,,,,,,
wae,,VALID,Walser,walser,,,,,,,,,,
vai,,VALID,Vai,vai,,,,,,,,,,
wal,,VALID,Wolaytta,wolaitta,,,,,,,,,,
war,,VALID,Waray,waray,,,,,,,,,,
was,,VALID,Washo,washo,,,,,,,,,,
wbp,,VALID,Warlpiri,warlpiri,,,,,,,,,,
ve,,VALID,Venda,venda,,,,,,,,,,
vec,,VALID,Venetian,venetsia,,,,,,,,,,
vep,,VALID,Veps,vepsä,,,,,,,,,,
vi,,VALID,Vietnamese,vietnam,,,,,,,,,,
vls,,VALID,West Flemish,länsiflaami,,,,,,,,,,
vmf,,VALID,Main-Franconian,maininfrankki,,,,,,,,,,
vo,,VALID,Volapük,volapük,,,,,,,,,,
wo,,VALID,Wolof,wolof,,,,,,,,,,
vot,,VALID,Votic,vatja,,,,,,,,,,
vro,,VALID,Võro,võro,,,,,,,,,,
vun,,VALID,Vunjo,vunjo,,,,,,,,,,
wuu,,VALID,Wu Chinese,wu-kiina,,,,,,,,,,
xal,,VALID,Kalmyk,kalmukki,,,,,,,,,,
xh,,VALID,Xhosa,xhosa,,,,,,,,,,
xmf,,VALID,Mingrelian,mingreli,,,,,,,,,,
xog,,VALID,Soga,soga,,,,,,,,,,
yao,,VALID,Yao,jao,,,,,,,,,,
yap,,VALID,Yapese,japi,,,,,,,,,,
yav,,VALID,Yangben,yangben,,,,,,,,,,
ybb,,VALID,Yemba,yemba,,,,,,,,,,
yi,,VALID,Yiddish,jiddiš,,,,,,,,,,
yo,,VALID,Yoruba,joruba,,,,,,,,,,
yrl,,VALID,Nheengatu,ñeengatú,,,,,,,,,,
yue,,VALID,Cantonese,kantoninkiina,,,,,,,,,,
za,,VALID,Zhuang,zhuang,,,,,,,,,,
zap,,VALID,Zapotec,zapoteekki,,,,,,,,,,
zbl,,VALID,Blissymbols,blisskieli,,,,,,,,,,
zea,,VALID,Zeelandic,seelanti,,,,,,,,,,
zen,,VALID,Zenaga,zenaga,,,,,,,,,,
zgh,,VALID,Standard Moroccan Tamazight,vakioitu tamazight,,,,,,,,,,
zh,,VALID,Chinese,kiina,,,,,,,,,,
zh_Hans,,VALID,Simplified Chinese,yksinkertaistettu kiina,,,,,,,,,,
zh_Hant,,VALID,Traditional Chinese,perinteinen kiina,,,,,,,,,,
zu,,VALID,Zulu,zulu,,,,,,,,,,
zun,,VALID,Zuni,zuni,,,,,,,,,,
zxx,,VALID,No linguistic content,ei kielellistä sisältöä,,,,,,,,,,
zza,,VALID,Zaza,zaza,,,,,,,,,,